reviews_amount;cores_disponiveis;produto_frete;produto_titulo;produto_preco
2447;6 cuotas fijas de $9.999;Envío gratis; Moto G22 128 GB  cosmic black 4 GB RAM;60.0
530;3 cuotas fijas de $15.333;Envío gratis; Moto E32 64 GB  gris 4 GB RAM;50.0
746;6 cuotas fijas de $9.999;Envío gratis;TCL 20 SE 256 GB  nuit black 6 GB RAM;60.0
2314;6 cuotas fijas de $10.166;Envío gratis;Samsung Galaxy A13 64 GB  black 4 GB RAM;61.0
2976;6 cuotas fijas de $7.833;Envío gratis;Samsung Galaxy A03 64 GB  negro 4 GB RAM;47.0
528;6 cuotas fijas de $22.999;Envío gratis;Samsung Galaxy A53 5g 6 Gb 128 Gb Awesome Blue;148.0
918;6 cuotas fijas de $13.499;Envío gratis;Samsung Galaxy A22 5G 128 GB  gray 4 GB RAM;81.0
571;0;Envío gratis;TCL L7+ 32 GB  negro 2 GB RAM;26.3
1535;0;Envío gratis;Samsung Galaxy A03 Core 32 GB  black 2 GB RAM;33.95
370;3 cuotas fijas de $13.999;Envío gratis;TCL 20B 64 GB  nebula purple 4 GB RAM;42.0
832;0;Envío gratis;Kodak Smartway L1 Pro Dual SIM 16 GB  gris oscuro 2 GB RAM;24.0
152;0;Envío gratis;TCL 305 64 GB  space gray 2 GB RAM;35.0
68;6 cuotas fijas de $13.166;Envío gratis;Samsung Galaxy M13 Dual SIM 128 GB  deep green 4 GB RAM;79.0
151;0;Envío gratis;Smart Kodak Seren D65lx Negro Color Negro;31.0
182;6 cuotas fijas de $7.499;Envío gratis;TCL 30E 64 GB  space gray 3 GB RAM;45.0
691;6 cuotas fijas de $21.666;Envío gratis;Motorola Edge 30 128 GB  gris 8 GB RAM;130.0
;0;Envío gratis;Celular Smartphone Noblex A60+ Plus 32 Gb 2 Gb Ram Liberado;29.5
669;6 cuotas fijas de $8.333;Envío gratis;Samsung Galaxy A03s 64 GB  negro 4 GB RAM;54.0
399;0;Envío gratis;TCL 20E 128 GB  twilight blue 4 GB RAM;44.5
152;0;Envío gratis;TCL 305 32 GB  atlantic blue 2 GB RAM;34.5
205;6 cuotas fijas de $17.999;Envío gratis;Samsung Galaxy M23 5G Dual SIM 128 GB  azul claro 4 GB RAM;108.0
631;0;Envío gratis;Motorola Edge 20 Pro  256 GB  Blanco optic  12 GB  3840 px x 2160 px;220.0
28;0;Envío gratis;Alcatel 1 Ultra 32 GB  negro 1 GB RAM;22.2
;0;Envío gratis;Google Pixel 3 64 GB  just black 4 GB RAM;160.0
213;0;Envío gratis;Motorola Edge 30 Pro 256 GB  verde cosmos 12 GB RAM;189.5
;6 cuotas fijas de $9.999;Envío gratis;Celular Tcl 20 Se 256gb 6gb Ram 6,8'' Ips Lcd Liberado Gris;60.0
;6 cuotas fijas de $13.166;Envío gratis;Smartphone Samsung Galaxy M13 4gb 50mp Triple Camera ;79.0
;0;Envío gratis;Smartphone Telefono Celular Tcl 30e 64gb Space Gray;38.0
;0;Envío gratis;Telefono Celular Tcl 305 6,52  Gris Espacio O.core 2gb 64gb;34.5
;0;Envío gratis;Celular Smartphone Alcatel 1 Ultra 1gb 32gb Android 11 8mpx;26.5
;6 cuotas fijas de $21.666;Envío gratis;Smartphone Motorola Edge 30 8gb 50mp Con Nfc Android 12 ;130.0
;0;Envío gratis;Celular Smartphone Samsung Galaxy A04s 4gb 128gb 50mpx Negro;65.0
44;0;Envío gratis;Samsung Galaxy A04 32gb 3gb Ram;39.64
;0;Envío gratis;Smartphone Telefono Celular Liberado Tcl 305 64gb Space Gray;35.25
408;0;Envío gratis;Alcatel 1 Plus 16 GB  negro 1 GB RAM;22.5
;3 cuotas fijas de $14.333;Envío gratis;Smartphone Tcl 30e 3gb 50mp Color Gris Con Sensor De Huella;43.0
21;6 cuotas fijas de $17.999;Envío gratis;Samsung Galaxy M23 5G 128 GB  light blue 4 GB RAM;108.0
;0;Envío gratis;Celular Smartphone Alcatel 3h Plus 3gb 64gb Hdr 50mp Gris;43.5
4674;0;Envío gratis;Samsung Galaxy A12 128 GB  negro 4 GB RAM;96.99
430;0;;Alcatel 3H 64 GB  elegant black 3 GB RAM;36.8
;0;Envío gratis;Smartphone Telefono Celular Tcl 305 64gb Space Gray;35.0
113;0;Envío gratis;Samsung Galaxy A04 64gb Negro;45.0
;0;Envío gratis;Celular Smartphone Samsung Galaxy A04 3gb 32gb 50mpx Verde;40.0
;0;Envío gratis;Cel Quantum Q-rash 32gb 2gb Ram - Android 11 - Negro;27.13
3112;0;Envío gratis;Motorola One Fusion 64 GB  azul océano 4 GB RAM;90.0
;0;Envío gratis;Kodak Smartway L1 Pro Celular Smartphone Liberado Dual Sim;26.5
;0;Envío gratis;Noblex A50+ Dual SIM 32 GB  negro 2 GB RAM;23.63
68;6 cuotas fijas de $63.333;Envío gratis;Samsung Galaxy Z Fold3 5G Dual SIM 256 GB  phantom black 12 GB RAM;380.0
;0;Envío gratis;Celular Smartphone Noblex A60 Plus 32 Gb 2 Gb Ram Dual Sim;28.19
;0;Envío gratis;Celular Smartphone Tcl L7+ Quad Core 32 Gb +2 Gb Ram 8mpx;29.49
;0;Envío gratis;Celular Smartphone Samsung Galaxy A04 4gb 64gb 50mpx Blanco;47.0
;0;Envío gratis;Telefono Celular Tcl 30e 6,52  Gris O.core 3gb 64gb;38.5
;0;Envío gratis;Celular Quantum Q-rash 32 Gb 2 Gb Ram Android 11 Go ;46.0
;0;Envío gratis;Celular Smartphone Samsung Galaxy M23 5g 4gb 128gb 50m Verde;95.0
;0;Envío gratis;Quantum Q-test 32 Gb 1 Gb Ram Negro Android 11 Go;26.0
612;0;Envío gratis;Samsung Galaxy S21 Fe Blanco 5g;186.0
;0;Envío gratis;Celular Smartphone Samsung Galaxy A04 4gb 128gb 50mpx Negro;52.0
;0;Envío gratis;BLU G91S Dual SIM 128 GB  cyan 4 GB RAM;77.45
;0;Envío gratis;Celular Smartphone Alcatel 1 Plus 1gb Ram 16gb Negro;22.99
94;0;Envío gratis;Noblex A50 Dual SIM 32 GB  negro 1 GB RAM;23.0
;0;Envío gratis;Celular Smartphone Samsung Galaxy A03 Core 2gb 32gb 8mp Mint;38.0
;6 cuotas fijas de $7.716;Envío gratis;Telefono Celular Tcl 305 6,52  Gris Espacio O.core 2gb 64gb;46.3
;0;Envío gratis;Google Pixel 6 Pro 256 GB  stormy black 12 GB RAM;440.0
;6 cuotas fijas de $7.166;Envío gratis;Celular Quantum Q-rash 32 Gb 2 Gb Ram Android 11 Go Cta;46.0
;0;Envío gratis;Celular Quantum Q-test 32 Gb 1 Gb Ram Android 11 Go;43.0
;0;Envío gratis;Celular Smartphone Samsung Galaxy A04 4gb 128gb 50mpx Negro;52.0
;0;Envío gratis;Smartphone Samsung Galaxy A53 5g 6gb 128gb Fhd 64mp Negro;134.99
;0;Envío gratis;Celular Blu Smartphone G71+ Bronze 64gb Dual Sim 4gb Ram;61.0
;0;Envío gratis;Celular Smartphone Samsung Galaxy A53 5g 128gb 6gb Fhd Negro;137.0
;0;Envío gratis;Celular Smartphone Samsung Galaxy A03 4gb 64gb 48mpx Negro;47.0
;0;Envío gratis;Xiaomi Blackshark 5 12 256 Celular Smartphone Gaming Gamer;400.0
;6 cuotas fijas de $7.021;Envío gratis;Smartphone Kodak Seren D65lx 6.53 Octa-core 2gb Ram 64gb ;42.13
;0;Envío gratis;Celular Smartphone Samsung Galaxy A03 Core 2gb 32gb Negro;38.0
;0;Envío gratis;Celular Smartphone Samsung Galaxy S21 Fe 5g 6gb 128gb Negro ;195.0
;3 cuotas fijas de $10.333;Envío gratis;Celular Smartphone Alcatel 1 Ultra 1gb 32gb Android 11 X3c;31.0
;0;Envío gratis;Celular Smartphone 6,52 Tcl 20b Hd+ 4gb 64gb 50mp Space Gray;45.5
;0;Envío gratis;Celular Smartphone Noblex A60+ Plus 32 Gb 2 Gb Ram Dual Sim;29.0
;6 cuotas fijas de $8.166;Envío gratis;Kodak Seren D65lx Smartphone Libre 64/2gb Memoria Lcd 6.53 ;49.0
;0;Envío gratis;Celular Ipro S401 Samrtphone, 3g;19.0
;0;Envío gratis;Celular Smartphone 6,5 Samsung Galaxy A03 3gb 32gb 48mp Azul;40.0
4;0;Envío gratis;BLU G51 Plus Dual SIM 64 GB  gradient green 3 GB RAM;53.5
;0;Envío gratis;Celular Smartphone Motorola Moto G22 4gb 128gb 50mpx Negro;60.0
;0;Envío gratis;Celular Smartphone Samsung Galaxy A22 5g 4gb 128gb Blanco;75.0
497;0;Envío gratis;Motorola Edge Edge 256 GB  gris midnight 6 GB RAM;249.9
;0;Envío gratis;Celular Blu Smartphone G71+ Blanco 64gb Dual Sim 4gb Ram;61.0
;0;Envío gratis;Celular Smartphone Samsung Galaxy M13 4gb 128gb 50mpx Verde;79.0
;6 cuotas fijas de $8.666;Envío gratis;Celular Smartphone Samsung Galaxy A03 3gb 32gb Azul Cuotas;52.0
;0;Envío gratis;Celular Smartphone Samsung Galaxy A04 3gb 32gb 50mpx Blanco;40.0
;0;Envío gratis;Kodak Smartway L1 Pro Gris Smarphone Libre Android 10 Go;27.4
;0;Envío gratis;Celular Tcl 30e 64 Gb/ 3 Gb Ram 50+2 Mp Octa Core;43.7
;0;Envío gratis;Celular Smartphone Samsung Galaxy A13 4gb 64gb 50mpx Blanco;61.0
;6 cuotas fijas de $11.666;Envío gratis;Celular Smartphone Samsung Galaxy A03s 4gb 64gb Azul Cuotas;70.0
;0;Envío gratis;Celular Blu Smartphone G51 Plus Azul 64gb Dual Sim 4gb Ram;41.99
;0;Envío gratis;Celular Smartphone 5,7 Pixpro Smartway L1 Pro  2 G Azul;24.5
;0;Envío gratis;Celular Blu Smartphones C5l Max 32gb Bronze Dual Sim 2gb Ram;29.99
;0;Envío gratis;Celular Blu Smartphones G71l 128gb Verde 4gb Ram Dual Sim;62.83
;0;Envío gratis;Celular Blu Smartphones J9l Dual Sim 32gb Negro 2gb Ram;33.7
;0;Envío gratis;Celular Blu Smartphones G71l 128gb Azul 4gb Ram Dual Sim;62.83
;0;Envío gratis;Celular Blu Smartphones C5l Max 32gb Azul Dual Sim 2gb Ram;29.99
;0;Envío gratis;Celular Blu Smartphones C5l Max 32gb Negro Dual Sim 2gb Ram;29.99
;3 cuotas fijas de $32.333;Envío gratis;Celular Smartphone Samsung Galaxy A22 5g 4gb 128gb Gris X3c;97.0
;6 cuotas fijas de $11.666;Envío gratis;Celular Smartphone Samsung Galaxy A03 4gb 128gb Negro Cuotas;70.0
;6 cuotas fijas de $17.499;Envío gratis;Celular Smartphone Samsung Galaxy M13 4gb 128gb Azul Cuotas;105.0
;0;Envío gratis;Celular Smartphone 6,5 Motorola Moto E32 4gb 64gb 16mpx Gris;50.0
;6 cuotas fijas de $14.166;Envío gratis;Celular Smartphone Samsung Galaxy A04s 4gb 128gb Negro Cuota;85.0
;0;Envío gratis;Celular Smartphone Samsung Galaxy A13 4gb 64gb Blanco;61.0
;6 cuotas fijas de $8.599;Envío gratis;Telefono Celular Tcl 30e 6,52  Gris O.core 3gb 64gb;51.6
;3 cuotas fijas de $13.166;Envío gratis;Celular Smartphone Noblex A60 Plus 2gb 32gb 8mpx Android Csi;39.5
1397;0;;Samsung Galaxy A23 128 Gb Light Blue 4 Gb Ram;88.99
189;0;Envío gratis;TCL 30 SE 64 GB  space gray 4 GB RAM;50.5
;3 cuotas fijas de $19.999;Envío gratis;Celular Smartphone Samsung Galaxy A04 128gb 50mpx Negro Csi;60.0
;6 cuotas fijas de $8.833;Envío gratis;Smartphone Telefono Celular Tcl 30e 64gb Space Gray;53.0
;3 cuotas fijas de $24.666;Envío gratis;Celular Smartphone Samsung Galaxy A04s 4gb 128gb Negro Csi;74.0
;0;Envío gratis;Celular Smartphone Samsung Galaxy M13 4gb 128gb 50mpx Azul;79.0
;3 cuotas fijas de $25.666;Envío gratis;Celular Smartphone Samsung Galaxy A04s 4gb 128gb Negro Csi;77.0
;6 cuotas fijas de $17.499;Envío gratis;Celular Smartphone Samsung Galaxy M13 4gb 128gb Verde Cuotas;105.0
;6 cuotas fijas de $16.249;Envío gratis;Celular Smartphone Samsung Galaxy A13 4gb 128gb Negro Cuotas;97.5
;0;Envío gratis;Celular Smartphone 5g Motorola Moto Edge 30 Pro 12gb + Folio;220.0
;6 cuotas fijas de $9.833;Envío gratis;Celular Smartphone 6,52 Tcl 20b Hd+ 4gb 64gb 50mp Gris Cuota;59.0
;6 cuotas fijas de $5.916;Envío gratis;Celular Smartphone Alcatel 1 Ultra 1gb 32gb Android 11 Cuota;35.5
;0;Envío gratis;Smartphone Kodak Seren D65lx 6.53  Octa-core 2gb Ram 64gb ;30.98
;3 cuotas fijas de $19.999;Envío gratis;Celular Smartphone Samsung Galaxy A03 4gb 128gb Negro X3c;60.0
;0;Envío gratis;Kodak Seren D65lx Smartphone Libre 64/2gb Memoria Lcd 6.53 ;36.49
;3 cuotas fijas de $15.666;Envío gratis;Celular Smartphone Samsung Galaxy A03 3gb 32gb 48m Negro X3c;47.0
;0;Envío gratis;Celular Samsung Galaxy A03 128 Gb + 4 Gb Ram Smartphone Rex;59.33
;6 cuotas fijas de $14.499;Envío gratis;Celular Smartphone Samsung Galaxy A04s 4gb 128gb Negro Cuota;87.0
;6 cuotas fijas de $12.833;Envío gratis;Celular Smartphone 6,52 Tcl 30se 4gb 128gb 50mpx Gris Cuotas;77.0
;0;Envío gratis;Google Pixel 6 Pro 12gb 128gb Celular Smartphone Tensor;350.0
254;0;Envío gratis;Samsung Galaxy S22+ 8gb 256gb Green;338.29
;3 cuotas fijas de $29.999;Envío gratis;Celular Smartphone Samsung Galaxy M13 128gb 50mpx Verde Csi;90.0
;0;Envío gratis;Celular Smartphone Alcatel 3h Plus 3gb 64gb Hdr 50mp;39.9
;3 cuotas fijas de $14.999;Envío gratis;Celular Smartphone 6,5 Tcl 305 Hd+ 2gb 64gb 13mpx Gris X3c;45.0
;0;Envío gratis;Google Pixel 3 64 Gb Negro 4 Gb Ram Smartphone ;160.0
;6 cuotas fijas de $6.006;Envío gratis;Celular Kodak Liberado Smartway L1 Pro Smartphone Dual 16gb;36.04
;0;Envío gratis;Smartphone Kodak Seren D65lx 6.53  2/64gb 16+5mpx Android 11;35.0
;6 cuotas fijas de $48.333;Envío gratis;Smartphone 5g Motorola Moto Edge 30 Pro 12gb + Folio Cuotas;290.0
;0;Envío gratis;Celular Smartphone 6,5 Samsung Galaxy A03 4gb 64gb 48mp Azul;52.5
;3 cuotas fijas de $14.999;Envío gratis;Celular Smartphone Samsung Galaxy A03 Core 2gb 32gb Negro 3c;45.0
;3 cuotas fijas de $29.999;Envío gratis;Celular Smartphone Samsung Galaxy M13 4gb 128gb 50m Azul Csi;90.0
;0;Envío gratis;Telefono Celular Alcatel 3h Plus Gris 6,52 3/64gb 50+2mp/5mp;39.5
;6 cuotas fijas de $8.999;Envío gratis;Celular Smartphone Samsung Galaxy A03 3gb 32gb Negro Cuotas;54.0
;0;Envío gratis;Celular Smartphone Samsung Galaxy M13 4gb 128gb 50mpx Azul;79.0
;6 cuotas fijas de $12.499;Envío gratis;Celular Smartphone Alcatel 3h Plus 3gb 64gb Hdr 50mpx Cuotas;75.0
;6 cuotas fijas de $10.833;Envío gratis;Celular Smartphone Alcatel 3h Plus 3gb 64gb Hdr 50mp Cuotas;65.0
;0;Envío gratis;Soporte Hercules Smartphones;12.23
;0;Envío gratis;Celular Smartphone Samsung Galaxy A03 3gb 32gb 48mpx Negro;40.0
;0;Envío gratis;Celular Smartphone Ips Noblex A60 Plus 2gb 32gb 8mpx Android;33.0
;6 cuotas fijas de $13.999;Envío gratis;Celular Smartphone Motorola Moto G22 4gb 128gb Negro Cuotas;84.0
;6 cuotas fijas de $8.366;Envío gratis;Telefono Celular Alcatel 3h Plus Gris 6,52 3/64gb 50+2mp/5mp;50.2
;6 cuotas fijas de $10.999;Envío gratis;Celular Smartphone Samsung Galaxy A04 4gb 64gb Blanco Cuotas;66.0
;6 cuotas fijas de $9.833;Envío gratis;Celular Smartphone 6,52 Tcl 20b Hd+ 4gb 64gb 50mp Gris Cuota;59.0
;6 cuotas fijas de $8.666;Envío gratis;Celular Smartphone Samsung Galaxy A03 Core 2gb Negro Cuotas;52.0
;0;Envío gratis;Celular Smartphone 6,5 Tcl 305 Hd+ 2gb 64gb 13mpx Space Gray;37.3
;0;Envío gratis;Celular Smartphone Samsung Galaxy A03 4gb 64gb 48mpx Negro;52.5
;6 cuotas fijas de $32.416;Envío gratis;Celular Smartphone Samsung Galaxy A53 5g 6gb 128gb Negro New;194.5
;0;Envío gratis;Celular Smartphone Noblex A50+ Plus 32 Gb 2 Gb Ram Liberado;25.5
;6 cuotas fijas de $7.999;Envío gratis;Celular Smartphone 6,5 Tcl 305 Hd+ 2gb 64gb 13mpx Gris Cuota;48.0
;3 cuotas fijas de $15.666;Envío gratis;Celular Smartphone Samsung Galaxy A03 3gb 32gb 48mp Azul X3c;47.0
;6 cuotas fijas de $20.166;Envío gratis;Celular Smartphone Samsung Galaxy M23 5g 4gb 128g Azul Cuota;121.0
;0;Envío gratis;Celular Smartphone Samsung Galaxy A13 4gb 64gb 50mpx Negro;61.0
;3 cuotas fijas de $14.999;Envío gratis;Celular Smartphone 6,5 Tcl 305 Hd+ 2gb 64gb 13mpx Gris X3c;45.0
;0;Envío gratis;Celular Smartphone 6,52 Tcl 20b Hd+ 4gb 64gb 50mp Space Gray;45.5
;3 cuotas fijas de $15.999;Envío gratis;Celular Smartphone Samsung Galaxy A04 32gb 50mpx Blanco Csi;48.0
;0;Envío gratis;Smartphone 6,6 Samsung Galaxy S22+ 5g 8gb 256gb 50mpx Negro;338.0
;0;Envío gratis; Moto E20 Dual SIM 32 GB  gris grafito 2 GB RAM;60.64
;0;Envío gratis;Samsung Galaxy A03 64 Gb 4 Gb Ram Smartphone - Rex;54.37
;6 cuotas fijas de $9.501;Envío gratis;Celular Smartphone Alcatel 3h Plus 3gb 64gb Hdr 50mp Gris;57.01
;3 cuotas fijas de $22.666;Envío gratis;Celular Smartphone 6,52  Tcl 30se 4gb 128gb 50mpx Gris Csi;68.0
;3 cuotas fijas de $19.999;Envío gratis;Celular Smartphone Samsung Galaxy A03s 4gb 64gb Negro X3c;60.0
;3 cuotas fijas de $19.999;Envío gratis;Celular Smartphone Motorola Moto E32 4gb 64gb 16mpx Gris Csi;60.0
;6 cuotas fijas de $5.779;Envío gratis;Celular Smartphone Noblex A50+ Plus 32gb 2gb Ram Liberado;34.68
;0;Envío gratis;Teléfono Celular Smartphone Blu G91s 4gb 128gb 6.8 Cian Cyan;78.33
;6 cuotas fijas de $16.833;Envío gratis;Celular Smartphone Samsung Galaxy A13 4gb 128gb Negro Cuotas;101.0
;3 cuotas fijas de $18.333;Envío gratis;Celular Smartphone 6,52 Tcl 20b Hd+ 4gb 64gb 50mp Gris X3c;55.0
;0;Envío gratis;Celular Samsung Galaxy A03 32 Gb + 3 Gb Ram Smartphone - Rex;47.67
;3 cuotas fijas de $14.399;Envío gratis;Smartphone Telefono Celular Tcl 305 64gb Space Gray;43.2
;3 cuotas fijas de $18.333;Envío gratis;Celular Smartphone 6,52 Tcl 20b Hd+ 4gb 64gb 50mp Gris X3c;55.0
;0;Envío gratis;Celular Smartphone Samsung Galaxy A04s 4gb 128gb 50mpx Negro;65.0
;6 cuotas fijas de $7.666;Envío gratis;Celular Smartphone Noblex A60 Plus 2gb 32gb 8m Android Cuota;46.0
;0;Envío gratis;Celular Smartphone Samsung Galaxy A22 5g 4gb 128gb 48mp Gris;81.0
;0;Envío gratis;Kodak Seren D65lx Smartphone Libre 64/2gb Memoria Lcd 6.53 ;37.0
;6 cuotas fijas de $9.333;Envío gratis;Celular Smartphone Samsung Galaxy A04 32gb 50mp Blanco Cuota;56.0
;3 cuotas fijas de $29.999;Envío gratis;Celular Smartphone Samsung Galaxy M13 128gb 50mpx Verde Csi;90.0
;0;Envío gratis;Celular Smartphone Alcatel 3h Plus 3gb 64gb Hdr 50mp;45.0
;0;Envío gratis;Celular Smartphone Samsung Galaxy A04 4gb 64gb 50mpx Negro;47.0
;12 cuotas fijas de $3.333;Envío gratis;Celular Quantum Q-test 32 Gb 1 Gb Ram Android 11 Go Cta;43.0
;6 cuotas fijas de $6.686;Envío gratis;Celular Smartphone Noblex A60+ Plus 32gb 2gb Ram Liberado;40.12
;6 cuotas fijas de $9.696;Envío gratis;Celular Samsung Galaxy A03 32 Gb + 3 Gb Ram Smartphone;58.18
;0;Envío gratis;Google Pixel 6 Pro 12gb 256gb Celular Smartphone Tensor;440.0
;6 cuotas fijas de $17.499;Envío gratis;Smartphone Samsung Galaxy A22 5g 4gb 128gb 48mp Blanco Cuota;105.0
;0;Envío gratis;Celular Smartphone Samsung Galaxy A03s 4gb 64gb 13mpx Negro;54.0
;6 cuotas fijas de $7.999;Envío gratis;Celular Smartphone 6,5 Tcl 305 Hd+ 2gb 64gb 13mpx Gris Cuota;48.0
;3 cuotas fijas de $20.833;Envío gratis;Celular Smartphone Samsung Galaxy A04 128gb 50mpx Negro Csi;62.5
;0;Envío gratis;Celular Smartphone Samsung Galaxy A03s 4gb 64gb 13mpx Negro;54.0
;6 cuotas fijas de $7.228;Envío gratis;Celular Smartphone Noblex A60 Plus 32 Gb 2 Gb Ram Dual Sim;43.37
;3 cuotas fijas de $17.399;Envío gratis;Celular Smartphone Alcatel 3h Plus 3gb 64gb Hdr 50m Gris Csi;52.2
;3 cuotas fijas de $29.999;Envío gratis;Celular Smartphone Samsung Galaxy A22 5g 4gb 128gb Gris X3c;90.0
;6 cuotas fijas de $10.499;Envío gratis;Celular Smartphone Samsung Galaxy A03 4gb 64gb Negro Cuotas;63.0
;6 cuotas fijas de $14.166;Envío gratis;Celular Smartphone Samsung Galaxy A13 4gb 64gb Blanco Cuotas;85.0
;0;Envío gratis;Teléfono Celular Smartphone Blu G71l 4gb 128gb 6.5 Green;62.84
;0;Envío gratis;Celular Smartphone Samsung Galaxy M13 4gb 128gb 50mpx Verde;79.0
;0;Envío gratis;Teléfono Celular Smartphone Blu G51 Plus 4gb 64gb 6.5;54.05
;0;Envío gratis;Celular Smartphone Samsung Galaxy A22 5g 4gb 128gb 48mp Gris;81.0
;6 cuotas fijas de $9.333;Envío gratis;Celular Smartphone Samsung Galaxy A04 32gb 50mpx Verde Cuota;56.0
1825;0;;Alcatel 1 16 GB  negro metálico 1 GB RAM;23.0
;6 cuotas fijas de $10.334;Envío gratis;Samsung Galaxy A03 64 Gb 4 Gb Ram Smartphone;62.01
;0;Envío gratis;Celular Smartphone 6,52 Alcatel 3h Plus 3gb 64gb 50mpx Gris;55.0
;6 cuotas fijas de $19.166;Envío gratis;Celular Smartphone Samsung Galaxy A23 4gb 128gb Blanco Cuota;115.0
;3 cuotas fijas de $19.999;Envío gratis;Celular Smartphone Samsung Galaxy A03s 4gb 64gb Negro X3c;60.0
;0;Envío gratis;Celular Smartphone Samsung Galaxy A03 4gb 128gb 48mpx Negro;52.0
;6 cuotas fijas de $8.816;Envío gratis;Celular Smartphone Alcatel 3h Plus 3gb 64gb Hdr 50mp;52.9
;3 cuotas fijas de $19.999;Envío gratis;Celular Smartphone Samsung Galaxy A03s 4gb 64gb Azul X3c;60.0
;3 cuotas fijas de $37.666;Envío gratis;Celular Smartphone Samsung Galaxy M23 5g 4gb 128gb Verde Csi;113.0
;6 cuotas fijas de $11.666;Envío gratis;Celular Smartphone Samsung Galaxy A04 128gb 50mp Negro Cuota;70.0
;0;Envío gratis;Celular Smartphone Samsung Galaxy A13 4gb 64gb 50mpx Blanco;61.0
;0;Envío gratis;Celular Smartphone Samsung Galaxy A03s 4gb 64gb 13mpx Azul;54.0
;0;Envío gratis;Celular Smartphone Alcatel 3h Plus 3gb 64gb Hdr 50mp Gris;45.91
94;0;Envío gratis;Noblex A50 Dual SIM 32 GB  negro 1 GB RAM;23.0
;3 cuotas fijas de $16.999;Envío gratis;Celular Smartphone Samsung Galaxy A04 4gb 64gb Blanco Csi;51.0
;6 cuotas fijas de $8.833;Envío gratis;Celular Smartphone Samsung Galaxy A03 Core 32gb Mint Cuotas;53.0
;3 cuotas fijas de $23.999;Envío gratis;Celular Smartphone Motorola Moto G22 4gb 128gb 50m Negro Csi;72.0
;0;Envío gratis;Teléfono Celular Smartphone Blu G71 Plus 4gb 64gb 6.5;58.1
;0;Envío gratis;Celular Smartphone Samsung Galaxy S21 Fe 5g 6gb 128gb;205.0
;3 cuotas fijas de $183.333;Envío gratis;Celular Smartphone Samsung Galaxy Z Fold3 5g 12gb Negro X3c;550.0
882;0;Envío gratis; Moto G5 32 GB  gris lunar 2 GB RAM;66.83
;3 cuotas fijas de $31.999;Envío gratis;Celular Smartphone Samsung Galaxy A22 5g 4gb 128gb Gris Csi;96.0
;6 cuotas fijas de $12.166;Envío gratis;Celular Smartphone Samsung Galaxy A04 128gb 50mp Negro Cuota;73.0
;6 cuotas fijas de $14.083;Envío gratis;Celular Smartphone Samsung Galaxy A13 4gb 64gb Blanco Cuotas;84.5
;6 cuotas fijas de $7.194;Envío gratis;Noblex A50 Dual Sim 32gb/1gb;43.17
;0;Envío gratis;Celular Smartphone Alcatel 3h Plus 3gb 64gb Hdr 50mp;45.0
;0;Envío gratis;Celular Smartphone Samsung Galaxy A04 3gb 32gb 50mpx Negro;40.0
;6 cuotas fijas de $11.666;Envío gratis;Celular Smartphone Samsung Galaxy A03s 4gb 64gb Negro Cuotas;70.0
;3 cuotas fijas de $15.833;Envío gratis;Celular Smartphone Samsung Galaxy A03 Core 2gb 32gb Mint X3c;47.5
;0;Envío gratis;Celular Smartphone Samsung Galaxy A13 4gb 64gb 50mpx Negro;61.0
;3 cuotas fijas de $21.666;Envío gratis;Celular Smartphone 6,52 Alcatel 3h Plus 3gb 64gb 50mpx Csi;65.0
;3 cuotas fijas de $15.999;Envío gratis;Celular Smartphone Samsung Galaxy A04 3gb 32gb 50m Negro Csi;48.0
;0;Envío gratis;Celular Smartphone Samsung Galaxy A13 4gb 128gb 50mpx Negro;73.0
;3 cuotas fijas de $18.999;Envío gratis;Celular Smartphone Samsung Galaxy A04 4gb 64gb 50m Negro Csi;57.0
;6 cuotas fijas de $10.999;Envío gratis;Celular Smartphone Samsung Galaxy A04 64gb 50mp Negro Cuotas;66.0
;0;Envío gratis;Celular Smartphone Samsung Galaxy Z Fold3 5g 12gb 256g Negro;460.0
;3 cuotas fijas de $18.999;Envío gratis;Celular Smartphone Alcatel 3h Plus 3gb 64gb Hdr 50mp;57.0
;6 cuotas fijas de $22.999;Envío gratis;Celular Smartphone Samsung Galaxy M23 5g 128gb Verde Cuotas;138.0
;0;Envío gratis;Celular Smartphone 6,5 Tcl 305 Hd+ 2gb 64gb 13mpx Space Gray;37.3
;0;Envío gratis;Celular Smartphone Samsung Galaxy A13 4gb 128gb 50mpx Negro;73.0
;6 cuotas fijas de $7.200;Envío gratis;Kodak Seren D65lx Smartphone Libre 64/2gb Memoria Lcd 6.53 ;43.2
;6 cuotas fijas de $11.666;Envío gratis;Celular Smartphone Samsung Galaxy A03s 4gb 64gb Negro Cuotas;70.0
399;0;Envío gratis;TCL 20E 64 GB  elegant black 3 GB RAM;43.4
;6 cuotas fijas de $11.666;Envío gratis;Celular Smartphone Samsung Galaxy A03 4gb 64gb Negro Cuotas;70.0
;6 cuotas fijas de $76.666;Envío gratis;Smartphone Samsung Galaxy S22+ 5g 8gb 256gb 50mp Negro Cuota;460.0
;6 cuotas fijas de $16.666;Envío gratis;Celular Smartphone Samsung Galaxy M13 4gb 128gb Verde Cuotas;100.0
